origin_doi,origin_sub-area,target_doi,target_sub-area
10.1007/978-3-031-47721-8_54,,10.1109/icmla.2016.0052,
10.1007/978-3-031-47721-8_54,,10.3390/en13123110,
10.1007/978-3-031-47721-8_54,,10.3390/en12173310,
10.1007/978-3-031-47721-8_54,,10.1109/tpwrs.2017.2721435,
10.1007/978-3-031-47721-8_54,,10.3390/en15062218,
10.1007/978-3-031-47721-8_54,,10.1109/tsg.2018.2807925,
10.1007/978-3-031-47721-8_54,,10.1109/tnnls.2018.2890663,
10.1007/978-3-031-47721-8_54,,10.1109/4235.996017,
10.1007/978-3-031-47721-8_54,,10.1109/tpwrs.2022.3162391,
10.1007/978-3-031-47721-8_54,,10.5121/ijaia.2013.4602,
10.1007/978-3-031-47721-8_54,,10.1109/access.2022.3150016,
10.1007/978-3-031-47721-8_54,,10.3390/en13215758,
10.1007/978-3-031-47721-8_54,,10.1109/tpwrs.2022.3150050,
10.1016/j.compeleceng.2018.11.012,,10.1007/s40141-014-0055-0,
10.1016/j.compeleceng.2018.11.012,,10.1016/j.neunet.2014.10.001,
10.1016/j.compeleceng.2018.11.012,,10.1080/11038120410020511,
10.1016/j.compeleceng.2018.11.012,,10.1142/s0129065717500095,
10.1016/j.compeleceng.2018.11.012,,10.1161/strokeaha.114.004311,
10.1016/j.compeleceng.2018.11.012,,10.12720/ijeee.2.2.106-110,
10.1016/j.compeleceng.2018.11.012,,10.1016/j.eswa.2012.02.192,
10.1016/j.compeleceng.2018.11.012,,10.1016/j.annemergmed.2010.03.026,
10.1016/j.compeleceng.2018.11.012,,10.1016/s1672-6529(16)60377-3,
10.1016/j.compeleceng.2018.11.012,,10.1016/s1350-4533(99)00066-1,
10.1016/j.compeleceng.2018.11.012,,10.1016/j.bspc.2007.07.009,
10.1016/j.compeleceng.2018.11.012,,10.1007/s10462-012-9356-9,
10.1016/j.compeleceng.2018.11.012,,10.1016/j.jstrokecerebrovasdis.2014.06.010,
10.1016/j.compeleceng.2018.11.012,,10.1191/0269215506cr957oa,
10.1016/j.bspc.2020.101990,,10.1016/j.compeleceng.2018.11.012,
10.1007/978-981-13-9097-5_6,,10.1016/j.compeleceng.2018.11.012,
10.1007/978-981-13-9097-5_5,,10.1016/j.compeleceng.2018.11.012,
10.1109/jsen.2021.3070597,,10.1016/j.compeleceng.2018.11.012,
10.1007/978-3-030-51064-0_19,,10.1016/j.compeleceng.2018.11.012,
10.3390/s20030809,,10.1016/j.compeleceng.2018.11.012,
10.3390/s19235214,,10.1016/j.compeleceng.2018.11.012,
10.1016/j.compeleceng.2022.108067,,10.1016/j.compeleceng.2018.11.012,
10.1002/cjce.24246,,10.1016/j.compeleceng.2018.11.012,
10.3390/s22052028,,10.1016/j.compeleceng.2018.11.012,
10.3390/ma13245815,,10.1016/j.compeleceng.2018.11.012,
10.1109/dese54285.2021.9719427,,10.1016/j.compeleceng.2018.11.012,
10.1007/s42979-020-00232-w,,10.1016/j.compeleceng.2018.11.012,
10.1007/s42600-022-00215-1,,10.1016/j.compeleceng.2018.11.012,
10.1007/s42600-020-00100-9,,10.1016/j.compeleceng.2018.11.012,
10.1007/s42600-020-00079-3,,10.1016/j.compeleceng.2018.11.012,
10.3389/fnbot.2020.00011,,10.1016/j.compeleceng.2018.11.012,
10.1101/2020.06.23.20138651,,10.1016/j.compeleceng.2018.11.012,
10.1109/jsen.2021.3100038,,10.1016/j.compeleceng.2018.11.012,
10.1016/j.neucom.2018.10.063,ai,10.1109/tsmcb.2011.2168604,
10.1016/j.neucom.2018.10.063,ai,10.1016/j.neunet.2014.10.001,
10.1016/j.neucom.2018.10.063,ai,10.1109/ijcnn.2017.7966217,
10.1016/j.neucom.2018.10.063,ai,10.1155/2016/3049632,
10.1016/j.neucom.2018.10.063,ai,10.1364/josaa.2.001160,
10.1016/j.neucom.2018.10.063,ai,10.1007/s11045-016-0414-3,
10.1016/j.neucom.2018.10.063,ai,10.1109/tnnls.2014.2335212,
10.1016/j.neucom.2018.10.063,ai,10.1109/tip.2015.2475625,
10.1016/j.neucom.2018.10.063,ai,10.1109/robomech.2017.8261132,
10.1016/j.neucom.2018.10.063,ai,10.1016/j.neucom.2006.02.013,
10.1016/j.neucom.2018.10.063,ai,10.1007/s00521-015-2170-y,
10.1016/j.neucom.2018.10.063,ai,10.1109/tmi.2016.2528162,
10.1016/j.neucom.2018.10.063,ai,10.1152/jn.1987.58.6.1233,
10.1016/j.neucom.2018.10.063,ai,10.1109/tnn.2006.875977,
10.1016/j.neucom.2018.10.063,ai,10.1109/mci.2015.2405316,
10.1007/978-981-13-9097-5_6,,10.1016/j.neucom.2018.10.063,ai
10.1007/978-981-13-9097-5_5,,10.1016/j.neucom.2018.10.063,ai
10.1109/tensymp54529.2022.9864466,,10.1016/j.neucom.2018.10.063,ai
10.1016/j.neucom.2022.02.003,,10.1016/j.neucom.2018.10.063,ai
10.1109/ijcnn55064.2022.9891906,,10.1016/j.neucom.2018.10.063,ai
10.3390/electronics10111266,,10.1016/j.neucom.2018.10.063,ai
10.1007/s00521-019-04457-6,,10.1016/j.neucom.2018.10.063,ai
10.3390/en15072347,,10.1016/j.neucom.2018.10.063,ai
10.1007/978-981-16-2102-4_37,,10.1016/j.neucom.2018.10.063,ai
10.1109/acts49415.2020.9350491,,10.1016/j.neucom.2018.10.063,ai
10.1007/s10115-023-01978-4,,10.1016/j.neucom.2018.10.063,ai
10.1007/s11042-020-09295-6,,10.1016/j.neucom.2018.10.063,ai
10.1038/s41598-022-05921-5,,10.1016/j.neucom.2018.10.063,ai
10.1080/13682199.2023.2223011,,10.1016/j.neucom.2018.10.063,ai
10.3233/idt-230382,,10.1016/j.neucom.2018.10.063,ai
10.3390/app9153169,,10.1016/j.neucom.2018.10.063,ai
10.1109/icip46576.2022.9898050,,10.1016/j.neucom.2018.10.063,ai
10.1007/s42979-020-00232-w,,10.1016/j.neucom.2018.10.063,ai
10.3390/bdcc6040146,,10.1016/j.neucom.2018.10.063,ai
10.1007/s42600-020-00079-3,,10.1016/j.neucom.2018.10.063,ai
10.1007/s13735-023-00291-8,,10.1016/j.neucom.2018.10.063,ai
10.3390/informatics8020033,,10.1016/j.neucom.2018.10.063,ai
10.1007/s11227-022-04936-z,,10.1016/j.neucom.2018.10.063,ai
10.1007/978-981-99-4484-2_18,,10.1016/j.neucom.2018.10.063,ai
10.3390/a15040129,,10.1016/j.neucom.2018.10.063,ai
10.1016/j.micpro.2018.09.008,,10.1109/tcad.2005.852657,
10.1016/j.micpro.2018.09.008,,10.1145/2442087.2442095,
10.1016/j.micpro.2018.09.008,,10.1007/s11227-016-1680-4,
10.1016/j.micpro.2018.09.008,,10.1109/jproc.2002.808156,
10.1016/j.micpro.2018.09.008,,10.1016/j.pmcj.2015.01.004,
10.1016/j.micpro.2018.09.008,,10.1016/j.micpro.2018.06.012,
10.1016/j.micpro.2018.09.008,,10.1016/j.micpro.2017.08.005,
10.1016/j.micpro.2018.09.008,,10.1198/004017003000000023,
10.1016/j.micpro.2018.09.008,,10.1155/2007/65478,
10.1016/j.micpro.2018.09.008,,10.1109/jetcas.2011.2165233,
10.1016/j.micpro.2018.09.008,,10.1016/j.micpro.2016.01.008,
10.1016/j.micpro.2018.09.008,,10.1016/j.jss.2011.11.1010,
10.1016/j.micpro.2018.09.008,,10.1109/4.604077,
10.1016/j.micpro.2018.09.008,,10.1109/jsyst.2015.2446205,
10.1016/j.micpro.2018.09.008,,10.1109/tcad.2016.2562920,
10.1016/j.micpro.2018.09.008,,10.1109/tcad.2010.2059270,
10.1016/j.micpro.2018.09.008,,10.1109/tcad.2009.2015740,
10.1007/s11227-020-03312-z,,10.1016/j.micpro.2018.09.008,
10.1109/tcsi.2021.3103503,,10.1016/j.micpro.2018.09.008,
10.1007/s00500-019-04206-w,,10.1016/j.micpro.2018.09.008,
10.1109/summa53307.2021.9632008,,10.1016/j.micpro.2018.09.008,
10.1016/j.micpro.2020.103498,,10.1016/j.micpro.2018.09.008,
10.1016/j.sysarc.2024.103080,,10.1016/j.micpro.2018.09.008,
10.1109/tcad.2022.3142188,,10.1016/j.micpro.2018.09.008,
10.1145/3570361.3592524,,10.1016/j.micpro.2018.09.008,
10.1007/978-3-030-30241-2_40,,10.1109/icmla.2015.62,
10.1007/978-3-030-30241-2_40,,10.1016/j.renene.2014.05.006,
10.1007/978-3-030-30241-2_40,,10.1016/j.procs.2014.05.449,
10.1007/978-3-030-30241-2_40,,10.1016/j.knosys.2014.03.015,
10.1007/978-3-030-30241-2_40,,10.1007/978-3-319-57351-9_18,
10.1109/VTCFall.2019.8891367,,10.2495/data050031,
10.1109/VTCFall.2019.8891367,,10.1109/access.2015.2416657,
10.1109/VTCFall.2019.8891367,,10.1109/itec-india.2017.8333722,
10.1109/VTCFall.2019.8891367,,10.1109/tii.2017.2674661,
10.1109/VTCFall.2019.8891367,,10.1016/j.knosys.2017.02.023,
10.1109/VTCFall.2019.8891367,,10.1145/1541880.1541882,
10.1109/tmc.2021.3119919,,10.1109/VTCFall.2019.8891367,
10.1109/ISCC.2018.8538607,,10.1109/ropec.2017.8261674,
10.1109/ISCC.2018.8538607,,10.1109/tpds.2011.41,
10.1109/ISCC.2018.8538607,,10.1109/scopes.2016.7955516,
10.1109/ISCC.2018.8538607,,10.1109/icaccs.2017.8014615,
10.1109/ISCC.2018.8538607,,10.1007/s11277-015-2476-1,
10.1109/ISCC.2018.8538607,,10.1109/surv.2011.061411.00019,
10.1109/ISCC.2018.8538607,,10.1109/mcom.2014.6829960,
10.1109/ISCC.2018.8538607,,10.1109/sbesc.2016.031,
10.1109/ISCC.2018.8538607,,10.1109/tmc.2010.133,
10.1109/ISCC.2018.8538607,,10.1109/iciteed.2013.6676254,
10.1109/LASCAS.2018.8399980,,10.1007/s10115-004-0154-9,
10.1109/LASCAS.2018.8399980,,10.1109/mprv.2016.1,
10.1109/LASCAS.2018.8399980,,10.1016/j.patcog.2010.09.013,
10.1145/3272036.3272046,,10.1109/tpds.2011.41,
10.1145/3272036.3272046,,10.1109/vetecs.2008.458,
10.1145/3272036.3272046,,10.1109/icufn.2015.7182525,
10.1145/3272036.3272046,,10.1109/scopes.2016.7955516,
10.1145/3272036.3272046,,10.1109/wmnc.2016.7543989,
10.1145/3272036.3272046,,10.1109/icaccs.2017.8014615,
10.1145/3272036.3272046,,10.1007/s11277-015-2476-1,
10.1145/3272036.3272046,,10.1109/comst.2016.2610578,
10.1145/3272036.3272046,,10.1145/1080754.1080761,
10.1145/3272036.3272046,,10.1109/surv.2011.061411.00019,
10.1145/3272036.3272046,,10.1109/comst.2008.4564481,
10.1145/3272036.3272046,,10.1109/cec.2009.4983002,
10.1145/3272036.3272046,,10.1109/ssic.2016.7571811,
10.1145/3272036.3272046,,10.1109/mcom.2014.6829960,
10.1145/3272036.3272046,,10.1109/4235.996017,
10.1145/3272036.3272046,,10.1145/1023875.1023877,
10.1145/3272036.3272046,,10.1145/2800986.2801005,
10.1145/3272036.3272046,,10.1109/sbesc.2016.031,
10.1145/3272036.3272046,,10.1109/tmc.2010.133,
10.1145/3272036.3272046,,10.1109/iciteed.2013.6676254,
10.1145/3272036.3272046,,10.1109/sbac-pad.2008.9,
10.1109/iwcmc51323.2021.9498784,,10.1145/3272036.3272046,
10.1109/ants47819.2019.9118127,,10.1145/3272036.3272046,
10.1109/access.2022.3155632,,10.1145/3272036.3272046,
10.1080/21681163.2015.1127775,,10.1007/978-3-540-69812-8_63,
10.1080/21681163.2015.1127775,,10.1007/s10278-014-9719-7,
10.1080/21681163.2015.1127775,,10.1016/b978-012373960-5.00335-x,
10.1080/21681163.2015.1127775,,10.1016/s1470-2045(12)70042-6,
10.1080/21681163.2015.1127775,,10.1016/s1470-2045(08)70179-7,
10.1080/21681163.2015.1127775,,10.1016/s1076-6332(03)00671-8,
10.1080/21681163.2015.1127775,,10.1109/79.543975,
10.1080/21681163.2015.1127775,,10.1007/3-540-63167-4_37,
10.1080/21681163.2015.1127775,,10.1109/tevc.2011.2108970,
10.1080/21681163.2015.1127775,,10.1007/978-3-642-15711-0_2,
10.1080/21681163.2015.1127775,,10.2307/1932409,
10.1080/21681163.2015.1127775,,10.1109/83.902291,
10.1080/21681163.2015.1127775,,10.1109/titb.2009.2036167,
10.1080/21681163.2015.1127775,,10.1109/tpami.2006.233,
10.1080/21681163.2015.1127775,,10.1109/tpami.2004.60,
10.1080/21681163.2015.1127775,,10.1016/j.cviu.2010.02.005,
10.1080/21681163.2015.1127775,,10.1109/bmei.2009.5305011,
10.1080/21681163.2015.1127775,,10.1006/gmip.1996.0006,
10.1007/978-3-030-79753-9_15,,10.1080/21681163.2015.1127775,
10.1155/2017/3781951,,10.1080/21681163.2015.1127775,
10.1080/07391102.2021.1966509,,10.1080/21681163.2015.1127775,
10.1007/s12553-022-00705-3,,10.1080/21681163.2015.1127775,
10.1038/s41598-023-29521-z,,10.1080/21681163.2015.1127775,
10.1080/21681163.2023.2301403,,10.1080/21681163.2015.1127775,
10.1016/j.bspc.2022.103652,,10.1080/21681163.2015.1127775,
10.1016/j.aej.2024.01.043,,10.1080/21681163.2015.1127775,
10.1007/s42600-022-00238-8,,10.1080/21681163.2015.1127775,
10.1007/978-3-031-40725-3_60,,10.1080/21681163.2015.1127775,
10.1007/978-3-319-57351-9_18,,10.1016/j.procs.2014.05.449,
10.1007/978-3-319-57351-9_18,,10.1109/tsg.2014.2349352,
10.1007/978-3-319-57351-9_18,,10.1109/4235.996017,
10.1007/978-3-319-57351-9_18,,10.1109/cec.2002.1004388,
10.1007/978-981-99-0605-5_5,,10.1007/978-3-319-57351-9_18,
10.1109/DSD.2017.68,,10.1109/92.845896,
10.1109/DSD.2017.68,,10.1109/nca.2016.7778627,
10.1109/DSD.2017.68,,10.1145/2442087.2442095,
10.1109/DSD.2017.68,,10.1007/978-1-4614-6849-3,
10.1109/DSD.2017.68,,10.1109/rtas.2014.6926010,
10.1109/DSD.2017.68,,10.1145/2857058.2857066,
10.1109/DSD.2017.68,,10.1109/aspdac.2017.7858403,
10.1109/DSD.2017.68,,10.1145/1669112.1669172,
10.1109/DSD.2017.68,,10.1198/004017003000000023,
10.1109/DSD.2017.68,,10.1109/tcad.2015.2504875,
10.1109/DSD.2017.68,,10.1109/tcad.2015.2481867,
10.1109/DSD.2017.68,,10.1109/iced.2014.7015766,
10.1109/DSD.2017.68,,10.1109/tcad.2009.2015740,
10.1109/DSD.2017.68,,10.2307/2685209,
10.1007/s11227-020-03312-z,,10.1109/DSD.2017.68,
10.3390/electronics11162480,,10.1109/DSD.2017.68,
10.1109/concapan48024.2022.9997731,,10.1109/DSD.2017.68,
10.1016/j.asoc.2015.11.040,ai,10.7763/ijcee.2011.v3.436,
10.1016/j.asoc.2015.11.040,ai,10.1016/s1470-2045(12)70042-6,
10.1016/j.asoc.2015.11.040,ai,10.1016/j.media.2012.05.005,
10.1016/j.asoc.2015.11.040,ai,10.1016/j.media.2009.12.005,
10.1016/j.asoc.2015.11.040,ai,10.1016/s1470-2045(08)70179-7,
10.1016/j.asoc.2015.11.040,ai,10.3322/caac.21235,
10.1016/j.asoc.2015.11.040,ai,10.1016/j.asoc.2015.06.029,
10.1016/j.asoc.2015.11.040,ai,10.1016/j.asoc.2014.10.012,
10.1016/j.asoc.2015.11.040,ai,10.1145/349194.349202,
10.1016/j.asoc.2015.11.040,ai,10.1016/j.asoc.2011.05.003,
10.1016/j.asoc.2015.11.040,ai,10.1118/1.2805477,
10.1016/j.asoc.2015.11.040,ai,10.1016/j.compmedimag.2008.01.004,
10.1016/j.asoc.2015.11.040,ai,10.1109/tsmc.1973.4309314,
10.1016/j.asoc.2015.11.040,ai,10.1109/tevc.2010.2059031,
10.1016/j.asoc.2015.11.040,ai,10.1016/j.cmpb.2014.01.014,
10.1016/j.asoc.2015.11.040,ai,10.1016/j.cmpb.2012.11.003,
10.1016/j.asoc.2015.11.040,ai,10.1117/1.jmi.1.1.015503,
10.1016/j.asoc.2015.11.040,ai,10.1109/tpami.2006.233,
10.1016/j.asoc.2015.11.040,ai,10.1006/gmip.1996.0006,
10.4018/978-1-7998-3456-4.ch002,,10.1016/j.asoc.2015.11.040,ai
10.1007/s11042-019-7358-1,,10.1016/j.asoc.2015.11.040,ai
10.3390/sym9110277,,10.1016/j.asoc.2015.11.040,ai
10.3390/e22091028,,10.1016/j.asoc.2015.11.040,ai
10.1007/978-981-15-0118-0_47,,10.1016/j.asoc.2015.11.040,ai
10.1155/2022/1887613,,10.1016/j.asoc.2015.11.040,ai
10.2139/ssrn.4129898,,10.1016/j.asoc.2015.11.040,ai
10.1155/2021/7265644,,10.1016/j.asoc.2015.11.040,ai
10.1007/s13198-019-00863-0,,10.1016/j.asoc.2015.11.040,ai
10.1007/s11042-018-6005-6,,10.1016/j.asoc.2015.11.040,ai
10.4018/978-1-6684-7136-4.ch040,,10.1016/j.asoc.2015.11.040,ai
10.1007/s12553-022-00705-3,,10.1016/j.asoc.2015.11.040,ai
10.1007/s11045-020-00749-6,,10.1016/j.asoc.2015.11.040,ai
10.4018/978-1-7998-3092-4.ch004,,10.1016/j.asoc.2015.11.040,ai
10.1007/s11831-018-9257-4,,10.1016/j.asoc.2015.11.040,ai
10.1016/b978-0-12-819764-6.00007-7,,10.1016/j.asoc.2015.11.040,ai
10.18287/2412-6179-co-808,,10.1016/j.asoc.2015.11.040,ai
10.1109/iconstem56934.2023.10142662,,10.1016/j.asoc.2015.11.040,ai
10.1007/s11517-023-02773-7,,10.1016/j.asoc.2015.11.040,ai
10.1016/b978-0-12-819764-6.00005-3,,10.1016/j.asoc.2015.11.040,ai
10.1007/978-3-031-44137-0_9,,10.1016/j.asoc.2015.11.040,ai
10.1007/s42600-022-00201-7,,10.1016/j.asoc.2015.11.040,ai
10.1007/s42600-020-00072-w,,10.1016/j.asoc.2015.11.040,ai
10.1007/s42600-022-00238-8,,10.1016/j.asoc.2015.11.040,ai
10.3390/sym10070270,,10.1016/j.asoc.2015.11.040,ai
10.1016/j.procs.2022.09.269,,10.1016/j.asoc.2015.11.040,ai
10.1016/j.asoc.2016.09.006,ai,10.1109/4235.974840,
10.1016/j.asoc.2016.09.006,ai,10.1162/106365600568167,
10.1016/j.asoc.2016.09.006,ai,10.1145/268806.268810,
10.1016/j.asoc.2016.09.006,ai,10.1109/tvlsi.2008.2002459,
10.1016/j.ins.2018.03.029,,10.1016/j.asoc.2016.09.006,ai
10.1109/smartworld-uic-atc-scalcom-digitaltwin-pricomp-metaverse56740.2022.00116,,10.1016/j.asoc.2016.09.006,ai
10.26634/jcc.6.1.16160,,10.1016/j.asoc.2016.09.006,ai
10.3390/bios13010092,,10.1016/j.asoc.2016.09.006,ai
10.1016/j.jclepro.2018.10.316,,10.1016/j.asoc.2016.09.006,ai
10.1016/j.cmpb.2016.04.029,,10.1109/tsmcb.2011.2168604,
10.1016/j.cmpb.2016.04.029,,10.1016/s0893-6080(05)80056-5,
10.1016/j.cmpb.2016.04.029,,10.1016/s0730-725x(98)00195-7,
10.1016/j.cmpb.2016.04.029,,10.1016/j.eswa.2014.09.020,
10.1016/j.cmpb.2016.04.029,,10.1162/neco.1992.4.2.141,
10.1016/j.cmpb.2016.04.029,,omid:br/061503674373 pmid:15472746,
10.1016/j.cmpb.2016.04.029,,10.1016/j.eswa.2013.04.036,
10.1016/j.cmpb.2016.04.029,,10.1055/s-0038-1633877,
10.1016/j.cmpb.2016.04.029,,10.1137/s1064827599362314,
10.1016/j.cmpb.2016.04.029,,10.1016/s0301-5629(01)00491-4,
10.1016/j.cmpb.2016.04.029,,10.1016/j.neucom.2013.05.053,
10.1016/j.cmpb.2016.04.029,,10.3233/ica-2009-0306,
10.1016/j.cmpb.2016.04.029,,10.3233/ica-130426,
10.1016/j.cmpb.2016.04.029,,10.1016/j.compbiomed.2012.10.006,
10.1016/j.cmpb.2016.04.029,,10.1016/j.compbiomed.2011.06.009,
10.1016/j.cmpb.2016.04.029,,10.1007/bf01593790,
10.1016/j.cmpb.2016.04.029,,10.1023/a:1009869804967,
10.1016/j.cmpb.2016.04.029,,10.1109/tnn.2006.880583,
10.1016/j.cmpb.2016.04.029,,10.1109/tmi.2002.808361,
10.1016/j.cmpb.2016.04.029,,10.1016/j.patcog.2006.03.004,
10.4018/978-1-7998-3456-4.ch002,,10.1016/j.cmpb.2016.04.029,
10.4018/978-1-7998-3456-4.ch003,,10.1016/j.cmpb.2016.04.029,
10.1016/j.bspc.2020.102366,,10.1016/j.cmpb.2016.04.029,
10.1016/j.bspc.2020.101912,,10.1016/j.cmpb.2016.04.029,
10.1016/b978-0-323-95462-4.00005-4,,10.1016/j.cmpb.2016.04.029,
10.1007/978-3-030-79753-9_15,,10.1016/j.cmpb.2016.04.029,
10.1007/978-3-030-79753-9_17,,10.1016/j.cmpb.2016.04.029,
10.1007/s10489-018-1294-z,,10.1016/j.cmpb.2016.04.029,
10.5772/intechopen.94026,,10.1016/j.cmpb.2016.04.029,
10.1007/s00500-022-07447-4,,10.1016/j.cmpb.2016.04.029,
10.1016/j.asoc.2021.107533,,10.1016/j.cmpb.2016.04.029,
10.1016/j.eswa.2018.10.032,,10.1016/j.cmpb.2016.04.029,
10.1117/12.2293523,,10.1016/j.cmpb.2016.04.029,
10.1016/j.eswa.2016.11.031,,10.1016/j.cmpb.2016.04.029,
10.3390/jimaging6100101,,10.1016/j.cmpb.2016.04.029,
10.1038/s41598-021-90766-7,,10.1016/j.cmpb.2016.04.029,
10.3847/1538-4365/ab289b,,10.1016/j.cmpb.2016.04.029,
10.1007/s40846-018-0437-3,,10.1016/j.cmpb.2016.04.029,
10.1155/2017/3781951,,10.1016/j.cmpb.2016.04.029,
10.1080/07391102.2021.1966509,,10.1016/j.cmpb.2016.04.029,
10.1080/23311916.2018.1444320,,10.1016/j.cmpb.2016.04.029,
10.1016/j.compbiomed.2018.03.003,,10.1016/j.cmpb.2016.04.029,
10.1016/j.micpro.2020.103724,,10.1016/j.cmpb.2016.04.029,
10.4018/978-1-6684-7136-4.ch004,,10.1016/j.cmpb.2016.04.029,
10.1007/s12553-022-00705-3,,10.1016/j.cmpb.2016.04.029,
10.1002/ima.22889,,10.1016/j.cmpb.2016.04.029,
10.1007/s11760-022-02453-3,,10.1016/j.cmpb.2016.04.029,
10.3389/fonc.2022.1026552,,10.1016/j.cmpb.2016.04.029,
10.1007/s10115-023-01978-4,,10.1016/j.cmpb.2016.04.029,
10.1016/j.cmpb.2018.01.027,,10.1016/j.cmpb.2016.04.029,
10.1007/s12652-020-01680-1,,10.1016/j.cmpb.2016.04.029,
10.1109/icrami52622.2021.9585913,,10.1016/j.cmpb.2016.04.029,
10.1038/s41598-022-05921-5,,10.1016/j.cmpb.2016.04.029,
10.1007/s11831-022-09738-3,,10.1016/j.cmpb.2016.04.029,
10.1007/s00521-019-04186-w,,10.1016/j.cmpb.2016.04.029,
10.1101/2020.06.12.20129866,,10.1016/j.cmpb.2016.04.029,
10.1016/b978-0-12-819764-6.00007-7,,10.1016/j.cmpb.2016.04.029,
10.1007/s11042-018-5804-0,,10.1016/j.cmpb.2016.04.029,
10.1109/iccci56745.2023.10128205,,10.1016/j.cmpb.2016.04.029,
10.1109/access.2022.3174599,,10.1016/j.cmpb.2016.04.029,
10.1101/2020.05.05.20092346,,10.1016/j.cmpb.2016.04.029,
10.1109/ocit59427.2023.10430569,,10.1016/j.cmpb.2016.04.029,
10.1007/s11517-023-02773-7,,10.1016/j.cmpb.2016.04.029,
10.1007/s41870-023-01533-y,,10.1016/j.cmpb.2016.04.029,
10.1007/s42600-023-00286-8,,10.1016/j.cmpb.2016.04.029,
10.1007/s42979-020-00232-w,,10.1016/j.cmpb.2016.04.029,
10.1080/21681163.2017.1350207,,10.1016/j.cmpb.2016.04.029,
10.1109/hydcon48903.2020.9242888,,10.1016/j.cmpb.2016.04.029,
10.1016/j.cageo.2017.02.001,,10.1016/j.cmpb.2016.04.029,
10.1109/gcat52182.2021.9587838,,10.1016/j.cmpb.2016.04.029,
10.1109/rteict.2017.8256646,,10.1016/j.cmpb.2016.04.029,
10.1007/s42600-021-00160-5,,10.1016/j.cmpb.2016.04.029,
10.1007/s42600-021-00158-z,,10.1016/j.cmpb.2016.04.029,
10.1007/s42600-022-00201-7,,10.1016/j.cmpb.2016.04.029,
10.1007/s42600-020-00112-5,,10.1016/j.cmpb.2016.04.029,
10.1007/s42600-020-00100-9,,10.1016/j.cmpb.2016.04.029,
10.1007/s42600-020-00097-1,,10.1016/j.cmpb.2016.04.029,
10.1007/s42600-020-00091-7,,10.1016/j.cmpb.2016.04.029,
10.1007/s42600-020-00079-3,,10.1016/j.cmpb.2016.04.029,
10.1007/s42600-020-00072-w,,10.1016/j.cmpb.2016.04.029,
10.1007/s42600-019-00024-z,,10.1016/j.cmpb.2016.04.029,
10.1101/2021.06.21.21259252,,10.1016/j.cmpb.2016.04.029,
10.1007/s42600-022-00238-8,,10.1016/j.cmpb.2016.04.029,
10.1101/2020.05.14.20102533,,10.1016/j.cmpb.2016.04.029,
10.1016/j.jacr.2018.09.041,,10.1016/j.cmpb.2016.04.029,
10.1101/2020.06.23.20138651,,10.1016/j.cmpb.2016.04.029,
10.1007/978-981-10-8055-5_52,,10.1016/j.cmpb.2016.04.029,
10.1109/civemsa52099.2021.9493583,,10.1016/j.cmpb.2016.04.029,
10.1016/j.eswa.2021.115204,,10.1016/j.cmpb.2016.04.029,
10.1016/j.eswa.2016.08.016,ai,10.7763/ijcee.2011.v3.436,
10.1016/j.eswa.2016.08.016,ai,10.1016/j.cmpb.2010.01.005,
10.1016/j.eswa.2016.08.016,ai,10.1109/icsipa.2013.6708036,
10.1016/j.eswa.2016.08.016,ai,10.1007/s10278-015-9778-4,
10.1016/j.eswa.2016.08.016,ai,10.1016/s1470-2045(12)70042-6,
10.1016/j.eswa.2016.08.016,ai,10.1016/j.media.2012.05.005,
10.1016/j.eswa.2016.08.016,ai,10.1016/j.media.2009.12.005,
10.1016/j.eswa.2016.08.016,ai,10.1016/s1470-2045(08)70179-7,
10.1016/j.eswa.2016.08.016,ai,10.1016/j.asoc.2015.06.029,
10.1016/j.eswa.2016.08.016,ai,10.1016/j.ymssp.2009.03.015,
10.1016/j.eswa.2016.08.016,ai,10.1016/j.cmpb.2014.01.014,
10.1016/j.eswa.2016.08.016,ai,10.1016/j.cmpb.2012.11.003,
10.1016/j.eswa.2016.08.016,ai,10.1016/j.compbiomed.2011.06.009,
10.1016/j.eswa.2016.08.016,ai,10.1109/2.485891,
10.1016/j.eswa.2016.08.016,ai,10.1631/jzus.c1200052,
10.1016/j.eswa.2016.08.016,ai,10.1109/titb.2009.2033269,
10.1016/j.eswa.2016.08.016,ai,10.1016/j.ijleo.2015.09.250,
10.1016/j.eswa.2016.08.016,ai,10.1109/tpami.2006.233,
10.1016/j.eswa.2016.08.016,ai,10.1016/j.patcog.2006.03.004,
10.1016/j.eswa.2016.08.016,ai,10.1006/gmip.1996.0006,
10.1007/978-3-030-86960-1_14,,10.1016/j.eswa.2016.08.016,ai
10.7717/peerj-cs.698,,10.1016/j.eswa.2016.08.016,ai
10.4018/978-1-7998-3456-4.ch002,,10.1016/j.eswa.2016.08.016,ai
10.4018/978-1-7998-3456-4.ch003,,10.1016/j.eswa.2016.08.016,ai
10.1007/978-981-13-9097-5_6,,10.1016/j.eswa.2016.08.016,ai
10.1007/978-981-13-9097-5_5,,10.1016/j.eswa.2016.08.016,ai
10.1109/cbms.2017.40,,10.1016/j.eswa.2016.08.016,ai
10.1007/978-3-030-79753-9_15,,10.1016/j.eswa.2016.08.016,ai
10.4018/ijapuc.2019010103,,10.1016/j.eswa.2016.08.016,ai
10.1155/2017/3781951,,10.1016/j.eswa.2016.08.016,ai
10.1080/07391102.2021.1966509,,10.1016/j.eswa.2016.08.016,ai
10.1108/dta-05-2022-0210,,10.1016/j.eswa.2016.08.016,ai
10.4018/978-1-6684-7136-4.ch040,,10.1016/j.eswa.2016.08.016,ai
10.4018/978-1-6684-7136-4.ch004,,10.1016/j.eswa.2016.08.016,ai
10.1007/s12553-022-00705-3,,10.1016/j.eswa.2016.08.016,ai
10.1007/s11760-022-02453-3,,10.1016/j.eswa.2016.08.016,ai
10.1016/j.bbe.2018.09.003,,10.1016/j.eswa.2016.08.016,ai
10.1016/j.procs.2021.08.032,,10.1016/j.eswa.2016.08.016,ai
10.1016/j.bspc.2021.103226,,10.1016/j.eswa.2016.08.016,ai
10.4018/978-1-7998-3092-4.ch004,,10.1016/j.eswa.2016.08.016,ai
10.1109/aicis.2018.00020,,10.1016/j.eswa.2016.08.016,ai
10.1101/2020.06.12.20129866,,10.1016/j.eswa.2016.08.016,ai
10.1016/b978-0-12-819764-6.00007-7,,10.1016/j.eswa.2016.08.016,ai
10.1007/s00521-017-3125-2,,10.1016/j.eswa.2016.08.016,ai
10.1101/2020.05.05.20092346,,10.1016/j.eswa.2016.08.016,ai
10.1007/s11517-023-02773-7,,10.1016/j.eswa.2016.08.016,ai
10.1007/s42600-023-00286-8,,10.1016/j.eswa.2016.08.016,ai
10.1080/21681163.2020.1811159,,10.1016/j.eswa.2016.08.016,ai
10.1016/b978-0-12-819764-6.00005-3,,10.1016/j.eswa.2016.08.016,ai
10.1007/s42600-021-00160-5,,10.1016/j.eswa.2016.08.016,ai
10.1007/s42600-022-00201-7,,10.1016/j.eswa.2016.08.016,ai
10.1007/s42600-020-00112-5,,10.1016/j.eswa.2016.08.016,ai
10.1007/s42600-020-00100-9,,10.1016/j.eswa.2016.08.016,ai
10.1007/s42600-020-00091-7,,10.1016/j.eswa.2016.08.016,ai
10.1007/s42600-020-00072-w,,10.1016/j.eswa.2016.08.016,ai
10.1007/s42600-019-00024-z,,10.1016/j.eswa.2016.08.016,ai
10.1101/2021.06.21.21259252,,10.1016/j.eswa.2016.08.016,ai
10.1007/s42600-022-00238-8,,10.1016/j.eswa.2016.08.016,ai
10.1101/2020.05.14.20102533,,10.1016/j.eswa.2016.08.016,ai
10.1101/2020.06.23.20138651,,10.1016/j.eswa.2016.08.016,ai
10.1007/978-3-319-46723-8_46,,10.1109/tip.2011.2114352,
10.1007/978-3-319-46723-8_46,,10.1049/iet-cvi.2014.0121,
10.1007/978-3-319-46723-8_46,,10.1016/j.swevo.2011.05.001,
10.1007/978-3-319-46723-8_46,,10.1093/brain/120.11.2059,
10.1007/978-3-319-46723-8_46,,10.1016/j.media.2012.09.004,
10.1007/978-3-319-46723-8_46,,10.1016/j.ins.2011.10.011,
10.1007/978-3-319-46723-8_46,,10.1186/s12880-015-0068-x,
10.1007/978-3-319-46723-8_46,,10.1007/s00234-015-1552-2,
10.1007/978-3-319-46723-8_46,,10.1016/j.nicl.2015.05.001,
10.1007/978-3-319-46723-8_46,,10.54294/lmkqvm,
10.1007/978-3-319-46723-8_46,,10.54294/6eyg0w,
10.1007/978-3-319-46723-8_46,,10.1109/tmi.2016.2528821,
10.1007/978-3-319-46723-8_46,,10.1109/tmi.2015.2393853,
10.1007/978-3-319-46723-8_46,,10.1109/tmi.2011.2114671,
omid:br/062502606206 ,,10.1007/978-3-319-46723-8_46,
10.1109/NCA.2016.7778627,,10.1007/978-1-4614-6849-3,
10.1109/NCA.2016.7778627,,10.1145/2228360.2228599,
10.1109/NCA.2016.7778627,,10.1109/rtas.2014.6926010,
10.1109/NCA.2016.7778627,,10.1007/s10916-015-0320-5,
10.1109/NCA.2016.7778627,,10.1145/1878961.1878982,
10.1109/NCA.2016.7778627,,10.1017/cbo9781107326279,
10.1109/NCA.2016.7778627,,10.1145/1669112.1669135,
10.1109/NCA.2016.7778627,,10.1145/1577129.1577137,
10.1109/NCA.2016.7778627,,10.1109/tmc.2007.70767,
10.1109/NCA.2016.7778627,,10.1109/iced.2014.7015766,
10.1007/s11227-020-03312-z,,10.1109/NCA.2016.7778627,
10.1109/candarw53999.2021.00090,,10.1109/NCA.2016.7778627,
10.2197/ipsjjip.32.275,,10.1109/NCA.2016.7778627,
10.3390/pr8060678,,10.1109/NCA.2016.7778627,
10.1109/dsd.2017.68,,10.1109/NCA.2016.7778627,
10.1109/SBESC.2016.031,,10.1109/iscc.2013.6755001,
10.1109/SBESC.2016.031,,10.1109/vetecs.2008.458,
10.1109/SBESC.2016.031,,10.1109/icatcct.2015.7456893,
10.1109/SBESC.2016.031,,10.1109/tvt.2016.2591558,
10.1109/SBESC.2016.031,,10.1109/rvsp.2013.55,
10.1109/SBESC.2016.031,,10.1109/eatis.2016.7520160,
10.1109/SBESC.2016.031,,10.1109/surv.2011.061411.00019,
10.1109/SBESC.2016.031,,10.1109/vnc.2010.5698244,
10.1109/SBESC.2016.031,,10.1109/mcom.2014.6829960,
10.1109/SBESC.2016.031,,10.1109/mcom.2013.6685766,
10.1109/SBESC.2016.031,,10.1109/mcom.2013.6515060,
10.1109/SBESC.2016.031,,10.1145/1023875.1023877,
10.1109/SBESC.2016.031,,10.1109/mwc.2016.7498068,
10.1109/SBESC.2016.031,,10.1109/lcn.2011.6115556,
10.1109/SBESC.2016.031,,10.1109/mwc.2012.6155877,
10.1145/3272036.3272046,,10.1109/SBESC.2016.031,
10.1109/mits.2019.2953507,,10.1109/SBESC.2016.031,
10.1109/iscc.2018.8538607,,10.1109/SBESC.2016.031,
10.1109/glocom.2018.8647367,,10.1109/SBESC.2016.031,
10.1016/j.aej.2022.10.052,,10.1109/SBESC.2016.031,
10.1186/s13173-015-0026-z,,10.1109/socdc.2009.5423895,
10.1186/s13173-015-0026-z,,10.1109/fpl.2009.5272309,
10.1186/s13173-015-0026-z,,10.1109/iccict.2012.6398101,
10.1186/s13173-015-0026-z,,10.1109/iccsn.2011.6014590,
10.1186/s13173-015-0026-z,,10.1109/iccic.2010.5705808,
10.1109/FUZZ-IEEE.2015.7337975,,10.1016/j.cmpb.2010.01.005,
10.1109/FUZZ-IEEE.2015.7337975,,10.1109/tsmcb.2011.2168604,
10.1109/FUZZ-IEEE.2015.7337975,,10.1117/12.912392,
10.1109/FUZZ-IEEE.2015.7337975,,10.1016/s1470-2045(08)70179-7,
10.1109/FUZZ-IEEE.2015.7337975,,10.1007/978-3-662-05088-0,
10.1109/FUZZ-IEEE.2015.7337975,,10.1016/s0730-725x(98)00195-7,
10.1109/FUZZ-IEEE.2015.7337975,,10.1109/iccasm.2010.5622516,
10.1109/FUZZ-IEEE.2015.7337975,,10.1007/978-1-4471-5013-8_5,
10.1109/FUZZ-IEEE.2015.7337975,,10.1007/s13042-011-0019-y,
10.1109/FUZZ-IEEE.2015.7337975,,10.1109/tsmc.1973.4309314,
10.1109/FUZZ-IEEE.2015.7337975,,10.1016/j.ymssp.2009.03.015,
10.1109/FUZZ-IEEE.2015.7337975,,10.1016/j.neucom.2007.10.008,
10.1109/FUZZ-IEEE.2015.7337975,,10.1016/j.neucom.2005.12.126,
10.1109/FUZZ-IEEE.2015.7337975,,10.1109/snlp.2009.5340935,
10.1109/FUZZ-IEEE.2015.7337975,,10.1016/j.compbiomed.2011.06.009,
10.1109/FUZZ-IEEE.2015.7337975,,10.1109/mis.2013.140,
10.1109/FUZZ-IEEE.2015.7337975,,10.1109/sibgrapi.2011.40,
10.1109/FUZZ-IEEE.2015.7337975,,10.1016/j.ijrobp.2011.11.009,
10.1109/FUZZ-IEEE.2015.7337975,,10.1109/tnn.2009.2036259,
10.1109/FUZZ-IEEE.2015.7337975,,10.1016/j.patcog.2006.03.004,
10.1007/978-981-13-9097-5_6,,10.1109/FUZZ-IEEE.2015.7337975,
10.1007/978-981-13-9097-5_5,,10.1109/FUZZ-IEEE.2015.7337975,
10.1007/s00500-022-07447-4,,10.1109/FUZZ-IEEE.2015.7337975,
10.1109/gmepe/pahce50215.2021.9434879,,10.1109/FUZZ-IEEE.2015.7337975,
10.1109/jstsp.2018.2873988,,10.1109/FUZZ-IEEE.2015.7337975,
10.1007/s13042-018-0859-9,,10.1109/FUZZ-IEEE.2015.7337975,
10.4018/978-1-6684-7136-4.ch040,,10.1109/FUZZ-IEEE.2015.7337975,
10.1007/s12553-022-00705-3,,10.1109/FUZZ-IEEE.2015.7337975,
10.1007/s10115-023-01978-4,,10.1109/FUZZ-IEEE.2015.7337975,
10.1109/icit48102.2019.00093,,10.1109/FUZZ-IEEE.2015.7337975,
10.1038/s41598-022-05921-5,,10.1109/FUZZ-IEEE.2015.7337975,
10.4018/978-1-7998-3092-4.ch004,,10.1109/FUZZ-IEEE.2015.7337975,
10.1080/21681163.2022.2118174,,10.1109/FUZZ-IEEE.2015.7337975,
10.1016/b978-0-12-819764-6.00007-7,,10.1109/FUZZ-IEEE.2015.7337975,
10.1007/s42979-020-00232-w,,10.1109/FUZZ-IEEE.2015.7337975,
10.1007/s42600-022-00222-2,,10.1109/FUZZ-IEEE.2015.7337975,
10.1007/s42600-022-00201-7,,10.1109/FUZZ-IEEE.2015.7337975,
10.1007/s42600-020-00079-3,,10.1109/FUZZ-IEEE.2015.7337975,
10.1007/s42600-020-00072-w,,10.1109/FUZZ-IEEE.2015.7337975,
10.1007/s42600-019-00024-z,,10.1109/FUZZ-IEEE.2015.7337975,
10.1101/2020.06.23.20138651,,10.1109/FUZZ-IEEE.2015.7337975,
10.1109/IJCNN.2015.7280774,,10.1016/j.cmpb.2010.01.005,
10.1109/IJCNN.2015.7280774,,10.1109/tsmcb.2011.2168604,
10.1109/IJCNN.2015.7280774,,10.1117/12.912392,
10.1109/IJCNN.2015.7280774,,10.1016/s1470-2045(08)70179-7,
10.1109/IJCNN.2015.7280774,,10.1007/978-3-662-05088-0,
10.1109/IJCNN.2015.7280774,,10.1016/s0730-725x(98)00195-7,
10.1109/IJCNN.2015.7280774,,10.1109/iccasm.2010.5622516,
10.1109/IJCNN.2015.7280774,,10.1007/978-1-4471-5013-8_5,
10.1109/IJCNN.2015.7280774,,10.1007/s13042-011-0019-y,
10.1109/IJCNN.2015.7280774,,10.1109/tsmc.1973.4309314,
10.1109/IJCNN.2015.7280774,,10.1016/j.ymssp.2009.03.015,
10.1109/IJCNN.2015.7280774,,10.1016/j.neucom.2007.10.008,
10.1109/IJCNN.2015.7280774,,10.1016/j.neucom.2005.12.126,
10.1109/IJCNN.2015.7280774,,10.1109/snlp.2009.5340935,
10.1109/IJCNN.2015.7280774,,10.1016/j.compbiomed.2011.06.009,
10.1109/IJCNN.2015.7280774,,10.1109/mis.2013.140,
10.1109/IJCNN.2015.7280774,,10.1109/sibgrapi.2011.40,
10.1109/IJCNN.2015.7280774,,10.1016/j.ijrobp.2011.11.009,
10.1109/IJCNN.2015.7280774,,10.1109/tnn.2009.2036259,
10.1109/IJCNN.2015.7280774,,10.1016/j.patcog.2006.03.004,
10.4018/978-1-7998-3456-4.ch003,,10.1109/IJCNN.2015.7280774,
10.1007/978-3-030-79753-9_15,,10.1109/IJCNN.2015.7280774,
10.1007/s00500-022-07447-4,,10.1109/IJCNN.2015.7280774,
10.4018/978-1-6684-7136-4.ch004,,10.1109/IJCNN.2015.7280774,
10.4018/978-1-6684-7136-4.ch043,,10.1109/IJCNN.2015.7280774,
10.1007/s12553-022-00705-3,,10.1109/IJCNN.2015.7280774,
10.1007/s10115-023-01978-4,,10.1109/IJCNN.2015.7280774,
10.1109/icit48102.2019.00093,,10.1109/IJCNN.2015.7280774,
10.1038/s41598-022-05921-5,,10.1109/IJCNN.2015.7280774,
10.1101/2020.05.05.20092346,,10.1109/IJCNN.2015.7280774,
10.1038/s41598-021-01018-7,,10.1109/IJCNN.2015.7280774,
10.1007/s11517-023-02773-7,,10.1109/IJCNN.2015.7280774,
10.1080/10826076.2021.1932521,,10.1109/IJCNN.2015.7280774,
10.1007/s42600-020-00091-7,,10.1109/IJCNN.2015.7280774,
10.1007/s42600-022-00238-8,,10.1109/IJCNN.2015.7280774,
10.1109/PATMOS.2015.7347582,,10.1145/1950413.1950457,
10.1109/PATMOS.2015.7347582,,10.1109/sasp.2008.4570793,
10.1109/PATMOS.2015.7347582,,10.1155/2011/569784,
10.1109/PATMOS.2015.7347582,,10.1109/iccp.2009.5284732,
10.1109/PATMOS.2015.7347582,,10.1145/2660540.2660980,
10.1109/PATMOS.2015.7347582,,10.1504/ijhpsa.2012.050985,
10.1109/PATMOS.2015.7347582,,10.1145/2024724.2024908,
10.1109/PATMOS.2015.7347582,,10.1007/s10462-012-9328-0,
10.1109/PATMOS.2015.7347582,,10.1007/s10898-012-9993-1,
10.1109/PATMOS.2015.7347582,,10.1145/1534916.1534924,
10.1109/PATMOS.2015.7347582,,10.1561/1000000003,
10.1109/PATMOS.2015.7347582,,10.1109/fpt.2012.6412139,
10.1109/PATMOS.2015.7347582,,10.1145/2145694.2145708,
10.1109/PATMOS.2015.7347582,,10.1109/tcad.2012.2187525,
10.1109/PATMOS.2015.7347582,,10.1109/tcad.2010.2061770,
10.1145/2800986.2801005,,10.1109/tcad.2002.804107,
10.1145/2800986.2801005,,10.1007/11523277_10,
10.1145/2800986.2801005,,10.1007/11847083_8,
10.1145/2800986.2801005,,10.1145/993396.993405,
10.1145/2800986.2801005,,10.1109/wwc.2001.990739,
10.1145/2800986.2801005,,10.1109/jssc.2012.2223036,
10.1145/2800986.2801005,,10.1109/jssc.2010.2084470,
10.1145/2800986.2801005,,10.1109/jssc.2009.2034076,
10.1145/2800986.2801005,,10.1109/kam.2010.5646140,
10.1145/2800986.2801005,,10.1145/774789.774804,
10.1145/2800986.2801005,,10.1145/268806.268810,
10.1145/2800986.2801005,,10.1109/spl.2010.5483007,
10.1145/2800986.2801005,,10.1117/12.587955,
10.1145/2800986.2801005,,10.1109/sbac-pad.2007.14,
10.1145/2800986.2801005,,10.1109/wwc.2001.15,
10.1007/s10586-022-03725-w,,10.1145/2800986.2801005,
10.1109/ICECS.2014.7050006,,10.1145/1950413.1950457,
10.1109/ICECS.2014.7050006,,10.1145/296399.296426,
10.1109/ICECS.2014.7050006,,10.1145/2024724.2024908,
10.1109/ICECS.2014.7050006,,10.1109/fpt.2012.6412139,
10.1109/ICECS.2014.7050006,,10.1145/2145694.2145708,
10.1145/2660540.2660542,,10.1007/3-540-45356-3_83,
10.1145/2660540.2660542,,10.1007/11847083_8,
10.1145/2660540.2660542,,10.1109/4235.974840,
10.1145/2660540.2660542,,10.1109/jssc.2010.2084470,
10.1145/2660540.2660542,,10.1145/774789.774804,
10.1145/2660540.2660542,,10.1145/268806.268810,
10.1145/2660540.2660542,,10.1109/sbac-pad.2007.14,
10.1145/2660540.2660980,,10.1145/1950413.1950457,
10.1145/2660540.2660980,,10.1155/2010/158602,
10.1145/2660540.2660980,,10.1145/296399.296426,
10.1145/2660540.2660980,,10.1109/iccp.2009.5284732,
10.1145/2660540.2660980,,10.1109/4235.996017,
10.1145/2660540.2660980,,10.1145/2024724.2024908,
10.1145/2660540.2660980,,10.1145/1534916.1534924,
10.1145/2660540.2660980,,10.1109/fpt.2012.6412139,
10.1145/2660540.2660980,,10.1145/2145694.2145708,
10.1145/2660540.2660980,,10.1109/tcad.2012.2187525,
10.1145/2660540.2660980,,10.1109/tcad.2010.2061770,
10.1109/patmos.2015.7347582,,10.1145/2660540.2660980,
10.1109/SBESC.2014.16,,10.1145/2462456.2464444,
10.1109/SBESC.2014.16,,10.1109/inm.1999.770671,
10.1109/SBESC.2014.16,,10.1145/2398776.2398813,
10.1109/SBESC.2014.16,,10.4236/ijcns.2012.512089,
10.1109/SBESC.2014.16,,10.1109/sbesc.2012.43,
10.1109/SBESC.2014.16,,10.1145/2413176.2413198,
10.1109/SBESC.2014.16,,10.1145/1879141.1879159,
10.1109/SBESC.2014.16,,10.1109/waina.2013.115,
10.1109/SBESC.2014.16,,10.1016/j.future.2012.05.023,
10.1109/ictus.2017.8286086,,10.1109/SBESC.2014.16,
10.1007/978-3-319-52712-3_2,,10.1109/SBESC.2014.16,
10.1109/SeGAH.2014.7067084,,10.1108/10748120910936126,
10.1109/SeGAH.2014.7067084,,10.1525/aeq.2004.35.2.254,
10.1109/SeGAH.2014.7067084,,10.1080/10508400701193713,
10.1109/SeGAH.2014.7067084,,10.1016/j.compedu.2011.08.001,
10.1109/SeGAH.2014.7067084,,10.4135/9781483387765,
10.1109/SeGAH.2014.7067084,,10.1080/00405841.2011.607391,
10.1109/SeGAH.2014.7067084,,10.1590/s0034-71672010000100021,
10.1007/978-3-030-77431-8_23,,10.1109/SeGAH.2014.7067084,
10.1109/conielecomp.2017.7891816,,10.1109/SeGAH.2014.7067084,
10.1145/3649595,,10.1109/SeGAH.2014.7067084,
10.1109/segah.2016.7586261,,10.1109/SeGAH.2014.7067084,
10.1109/SMC.2014.6974041,,10.1016/j.compbiomed.2009.05.002,
10.1109/SMC.2014.6974041,,10.1109/tmi.2010.2052064,
10.1007/978-3-030-79753-9_15,,10.1109/SMC.2014.6974041,
10.1007/s00500-022-07447-4,,10.1109/SMC.2014.6974041,
10.1080/07391102.2021.1966509,,10.1109/SMC.2014.6974041,
10.4018/978-1-6684-7136-4.ch040,,10.1109/SMC.2014.6974041,
10.1007/s10115-023-01978-4,,10.1109/SMC.2014.6974041,
10.1038/s41598-022-05921-5,,10.1109/SMC.2014.6974041,
10.4018/978-1-7998-3092-4.ch004,,10.1109/SMC.2014.6974041,
10.1101/2020.06.12.20129866,,10.1109/SMC.2014.6974041,
10.1101/2020.05.05.20092346,,10.1109/SMC.2014.6974041,
10.1007/s11517-023-02773-7,,10.1109/SMC.2014.6974041,
10.1007/s42600-023-00286-8,,10.1109/SMC.2014.6974041,
10.1007/s42979-020-00232-w,,10.1109/SMC.2014.6974041,
10.1007/s42600-020-00112-5,,10.1109/SMC.2014.6974041,
10.1007/s42600-020-00091-7,,10.1109/SMC.2014.6974041,
10.1007/s42600-020-00079-3,,10.1109/SMC.2014.6974041,
10.1007/s42600-020-00072-w,,10.1109/SMC.2014.6974041,
10.1101/2021.06.21.21259252,,10.1109/SMC.2014.6974041,
10.1101/2020.05.14.20102533,,10.1109/SMC.2014.6974041,
10.23919/chicc.2019.8865496,,10.1109/SMC.2014.6974041,
10.1109/SMC.2014.6974176,,10.1145/2499149.2499177,
10.1109/SMC.2014.6974176,,10.1145/2513383.2513451,
10.1109/SMC.2014.6974176,,10.1145/2470654.2481401,
10.1109/SMC.2014.6974176,,10.1145/2507065.2507092,
10.1109/SMC.2014.6974176,,10.1145/1900441.1900476,
10.1109/SMC.2014.6974176,,10.1145/1900441.1900448,
10.1145/3132129.3132145,,10.1109/SMC.2014.6974176,
10.1109/SMC.2014.6974382,,10.1108/10748120910936126,
10.1109/SMC.2014.6974382,,10.1590/s0103-21002009000400015,
10.1109/SMC.2014.6974382,,10.1525/aeq.2004.35.2.254,
10.1109/SMC.2014.6974382,,10.1080/10508400701193713,
10.1109/SMC.2014.6974382,,10.1145/2513383.2513451,
10.1109/SMC.2014.6974382,,10.1145/2470654.2481401,
10.1109/SMC.2014.6974382,,10.1016/j.compedu.2011.08.001,
10.1109/SMC.2014.6974382,,10.1201/9780080919171,
10.1109/SMC.2014.6974382,,10.4135/9781483387765,
10.1109/SMC.2014.6974382,,10.1080/10749030903437228,
10.1109/SMC.2014.6974382,,10.1145/1900441.1900476,
10.1109/SMC.2014.6974382,,10.1145/1900441.1900448,
10.1109/SMC.2014.6974382,,10.1163/9789087903121_011,
10.1109/SMC.2014.6974382,,10.1080/00405841.2011.607391,
10.1109/SMC.2014.6974382,,10.1590/s0034-71672010000100021,
10.3390/ijgi10070460,,10.1109/SMC.2014.6974382,
10.1089/tmj.2018.0236,,10.1109/SMC.2014.6974382,
10.1007/978-3-319-39513-5_38,,10.1109/SMC.2014.6974382,
10.1109/HiPC.2013.6799114,arch,10.1109/isvlsi.2010.84,
10.1109/HiPC.2013.6799114,arch,10.1109/sccc.2009.19,
10.1109/HiPC.2013.6799114,arch,10.1190/1.3284053,
10.1109/HiPC.2013.6799114,arch,10.1109/sbac-pad.2007.13,
10.1109/HiPC.2013.6799114,arch,10.1109/csie.2009.78,
10.1109/HiPC.2013.6799114,arch,10.1145/1862648.1862649,
10.1109/HiPC.2013.6799114,arch,10.1145/1508128.1508139,
10.1109/ICECS.2013.6815430,,10.1016/j.sysarc.2012.10.004,
10.1109/ICECS.2013.6815430,,10.1016/j.sysarc.2010.10.001,
10.1109/ICECS.2013.6815430,,10.5121/ijcsit.2013.5313,
10.1109/ICECS.2013.6815430,,10.1109/nocs.2009.5071448,
10.1109/mwscas.2014.6908388,,10.1109/ICECS.2013.6815430,
10.1145/3510381,,10.1109/ICECS.2013.6815430,
10.1109/mcsoc57363.2022.00061,,10.1109/ICECS.2013.6815430,
10.1016/j.procs.2016.05.486,,10.1109/ICECS.2013.6815430,
10.1007/s11227-020-03207-z,,10.1109/ICECS.2013.6815430,
10.1587/transinf.2018edl8208,,10.1109/ICECS.2013.6815430,
10.1007/s11227-016-1719-6,,10.1109/ICECS.2013.6815430,
10.1007/s00500-018-3260-4,,10.1109/ICECS.2013.6815430,
10.1109/ucc.2018.00021,,10.1109/ICECS.2013.6815430,
10.1002/cpe.7838,,10.1109/ICECS.2013.6815430,
10.1109/tvlsi.2020.3033658,,10.1109/ICECS.2013.6815430,
10.1007/s00607-017-0574-5,,10.1109/ICECS.2013.6815430,
10.1016/j.mejo.2017.03.003,,10.1109/ICECS.2013.6815430,
10.1109/ICECS.2013.6815459,,10.1109/tcad.2006.884574,
10.1109/ICECS.2013.6815459,,10.1109/tcad.2006.882119,
10.1109/ICECS.2013.6815459,,10.1145/1950413.1950457,
10.1109/ICECS.2013.6815459,,10.1145/296399.296425,
10.1109/ICECS.2013.6815459,,10.1145/296399.296426,
10.1109/ICECS.2013.6815459,,10.1504/ijhpsa.2012.050985,
10.1109/ICECS.2013.6815459,,10.1109/4235.996017,
10.1109/ICECS.2013.6815459,,10.1145/1534916.1534925,
10.1109/ICECS.2013.6815459,,10.1109/fpt.2012.6412139,
10.1109/ICECS.2013.6815459,,10.1145/2145694.2145708,
10.1109/ICECS.2013.6815459,,10.1109/tcad.2012.2187525,
10.1109/ICECS.2013.6815459,,10.1109/tcad.2010.2061770,
10.1145/2898998,,10.1109/ICECS.2013.6815459,
10.1109/micai-2017.2017.00012,,10.1109/ICECS.2013.6815459,
10.1145/2512840.2512867,,10.1145/1013235.1013261,
10.1145/2512840.2512867,,10.1145/1013235.1013282,
10.1145/2512840.2512867,,10.1109/l-ca.2006.16,
10.1109/rtas.2019.00013,,10.1145/2512840.2512867,
10.1109/icget.2015.7315080,,10.1145/2512840.2512867,
10.1109/comsnets.2019.8711477,,10.1145/2512840.2512867,
10.1109/hpca.2017.32,,10.1145/2512840.2512867,
10.1109/tse.2021.3071193,,10.1145/2512840.2512867,
10.1109/tmc.2019.2914197,,10.1145/2512840.2512867,
10.1109/islped.2017.8009209,,10.1145/2512840.2512867,
10.1109/twc.2020.3007616,,10.1145/2512840.2512867,
10.1109/tcad.2018.2857323,,10.1145/2512840.2512867,
10.1109/jsyst.2015.2442994,,10.1145/2512840.2512867,
10.1109/ghtc.2016.7857284,,10.1145/2512840.2512867,
10.1109/patmos.2015.7347582,,10.1504/IJHPSA.2012.050985,
10.1109/icecs.2013.6815459,,10.1504/IJHPSA.2012.050985,
10.1155/2012/561580,,10.1109/tvlsi.2003.821553,
10.1155/2012/561580,,10.1109/92.748196,
10.1155/2012/561580,,10.1109/mc.2003.1250885,
10.1155/2012/561580,,10.1109/tvlsi.2007.898650,
10.1109/ICPPW.2012.88,,10.1190/1.3284053,
10.1109/ICPPW.2012.88,,10.1145/1508128.1508139,
10.1109/wscad.2018.00034,,10.1109/ICPPW.2012.88,
10.1007/978-3-642-32639-4_12,,10.1016/s1470-2045(12)70042-6,
10.1007/978-3-642-32639-4_12,,10.1109/wacv.2011.5711542,
10.1007/978-3-642-32639-4_12,,10.1109/snlp.2009.5340935,
10.1007/978-3-642-32639-4_12,,10.1109/pahce.2011.5871944,
10.1007/978-3-642-32639-4_12,,10.1016/j.ijrobp.2011.11.009,
10.1080/21681163.2023.2219766,,10.1007/978-3-642-32639-4_12,
10.1007/s42979-020-00232-w,,10.1007/978-3-642-32639-4_12,
10.1007/s42600-020-00079-3,,10.1007/978-3-642-32639-4_12,
10.1007/s42600-020-00072-w,,10.1007/978-3-642-32639-4_12,
10.1007/s42600-019-00024-z,,10.1007/978-3-642-32639-4_12,
10.1109/SBCCI.2012.6344420,,10.1109/isie.2002.1026076,
10.1109/SBCCI.2012.6344420,,10.1016/j.patcog.2004.03.014,
10.1109/SBCCI.2012.6344420,,10.1016/s0262-8856(02)00152-x,
10.1109/SBCCI.2012.6344420,,10.1145/1141911.1141954,
10.1109/SBCCI.2012.6344420,,10.1364/josaa.28.000581,
10.1109/SBCCI.2012.6344420,,10.1109/crv.2008.7,
10.1109/SBCCI.2012.6344420,,10.1109/cvpr.2007.383080,
10.1109/SBCCI.2012.6344420,,10.1016/j.engappai.2006.12.008,
10.1109/SBCCI.2012.6344420,,10.1016/j.jmatprotec.2007.11.262,
10.1109/SBCCI.2012.6344420,,10.1016/s0260-8774(03)00183-3,
10.1109/SBCCI.2012.6344420,,10.1016/j.cad.2009.02.004,
10.1109/SBCCI.2012.6344420,,10.1364/ao.48.001052,
10.1109/SBCCI.2012.6344420,,10.1016/j.cviu.2010.03.023,
10.1109/SBESC.2012.43,,10.1109/icsmc.2007.4413693,
10.1109/SBESC.2012.43,,10.1016/j.micpro.2008.07.001,
10.1109/SBESC.2012.43,,10.1109/rtcsa.2006.64,
10.1007/978-981-10-5026-8_4,,10.1109/SBESC.2012.43,
10.1016/j.micpro.2022.104436,,10.1109/SBESC.2012.43,
10.1108/ijpcc-04-2013-0007,,10.1109/SBESC.2012.43,
10.1109/sbesc.2014.16,,10.1109/SBESC.2012.43,
10.1155/2011/620578,,10.1109/tcad.2002.804107,
10.1155/2011/620578,,10.1145/513918.514077,
10.1155/2011/620578,,10.1109/tvlsi.2008.2002459,
10.1016/j.sysarc.2013.05.018,,10.1155/2011/620578,
10.1007/s11227-016-1927-0,,10.1155/2011/620578,
10.1109/aspdac.2013.6509661,,10.1155/2011/620578,
10.1155/2011/219497,,10.1109/tcad.2002.804107,
10.1155/2011/219497,,10.1145/1086519.1086529,
10.1155/2011/219497,,10.1145/605459.605461,
10.1155/2011/219497,,10.1007/s10617-006-0654-9,
10.1155/2011/219497,,10.1109/40.612225,
10.1155/2011/219497,,10.1145/268806.268810,
10.1109/iscaie.2012.6482067,,10.1155/2011/219497,
10.1109/ccece.2012.6334940,,10.1155/2011/219497,
10.1109/sbcci.2012.6344449,,10.1155/2011/219497,
10.1109/iccaie.2011.6162098,,10.1155/2011/219497,
10.1007/978-3-642-33275-3_74,,10.1155/2011/219497,
10.1109/spl.2012.6211770,,10.1155/2011/219497,
10.1109/sbesc.2018.00025,,10.1155/2011/219497,
10.1007/s11554-013-0353-2,,10.1155/2011/219497,
10.1109/IPDPS.2011.165,,10.1145/1404371.1404392,
10.1109/IPDPS.2011.165,,10.1145/1601896.1601950,
10.1109/IPDPS.2011.165,,10.1109/sbac-pad.2007.13,
10.1109/saci.2016.7507354,,10.1109/IPDPS.2011.165,
10.1109/saci.2015.7208215,,10.1109/IPDPS.2011.165,
10.1016/j.compeleceng.2014.02.011,,10.1109/IPDPS.2011.165,
10.1049/iet-cdt.2013.0128,,10.1109/IPDPS.2011.165,
10.1109/reconfig.2012.6416789,,10.1109/IPDPS.2011.165,
10.1109/SBESC.2011.40,,10.1145/513829.513840,
10.1109/SBESC.2011.40,,10.1109/92.335012,
10.1109/SBESC.2011.40,,10.1109/tim.2003.816837,
10.1109/SBESC.2011.40,,10.1007/s10617-011-9069-3,
10.1109/SBESC.2011.40,,10.1109/tvlsi.2010.2057520,
10.1190/sbgf2013-279,,10.1145/2148600.2148622,
10.1109/ICSMC.2011.6084133,,10.1109/sbac-pad.2010.40,
10.1109/ICSMC.2011.6084133,,10.1016/j.asoc.2009.11.029,
10.1109/ICSMC.2011.6084133,,10.1007/11847083_8,
10.1109/ICSMC.2011.6084133,,10.1109/wwc.2001.990739,
10.1109/ICSMC.2011.6084133,,10.1145/268806.268810,
10.1109/ICSMC.2011.6084133,,10.1109/sbac-pad.2008.9,
10.1109/ICSMC.2011.6084133,,10.1109/tvlsi.2008.2002459,
10.1109/ICSMC.2011.6084133,,10.1109/sbac-pad.2007.14,
10.1109/aspdac.2013.6509661,,10.1109/ICSMC.2011.6084133,
10.1109/SBAC-PAD.2010.40,,10.1145/344166.344610,
10.1109/SBAC-PAD.2010.40,,10.1109/date.2004.1268850,
10.1109/SBAC-PAD.2010.40,,10.1007/bfb0056872,
10.1109/SBAC-PAD.2010.40,,10.1145/1815961.1815967,
10.1109/SBAC-PAD.2010.40,,10.1109/icnn.1995.488968,
10.1109/SBAC-PAD.2010.40,,10.1007/11847083_8,
10.1109/SBAC-PAD.2010.40,,10.1109/tevc.2006.880326,
10.1109/SBAC-PAD.2010.40,,10.1109/lpe.2005.195540,
10.1109/SBAC-PAD.2010.40,,10.1109/dsd.2008.21,
10.1109/SBAC-PAD.2010.40,,10.1145/268806.268810,
10.1109/SBAC-PAD.2010.40,,10.1016/j.ress.2005.11.018,
10.1109/SBAC-PAD.2010.40,,10.1109/sbac-pad.2007.14,
10.1109/icsmc.2011.6084133,,10.1109/SBAC-PAD.2010.40,
10.1109/ReConFig.2009.63,,10.1109/tvlsi.2004.831478,
10.1109/ReConFig.2009.63,,10.1109/vlsisoc.2006.313234,
10.1109/ReConFig.2009.63,,10.1109/iccad.2003.159709,
10.1109/ReConFig.2009.63,,10.1145/313817.313920,
10.1109/ReConFig.2009.63,,10.1109/sbac-pad.2007.14,
10.1109/ReConFig.2009.63,,10.1145/332833.332837,
10.1145/1601896.1601905,,10.7551/mitpress/3927.001.0001,
10.1145/1601896.1601905,,10.1007/11847083_8,
10.1145/1601896.1601905,,10.1145/605459.605461,
10.1145/1601896.1601905,,10.1145/268806.268810,
10.1145/1601896.1601905,,10.1109/sbac-pad.2007.14,
10.1109/SBAC-PAD.2008.9,,10.1145/344166.344610,
10.1109/SBAC-PAD.2008.9,,10.1109/tcad.2002.804107,
10.1109/SBAC-PAD.2008.9,,10.1109/date.2004.1268850,
10.1109/SBAC-PAD.2008.9,,10.1007/11523277_10,
10.1109/SBAC-PAD.2008.9,,10.1145/605459.605461,
10.1109/SBAC-PAD.2008.9,,10.1016/j.ress.2005.11.018,
10.1145/3272036.3272046,,10.1109/SBAC-PAD.2008.9,
10.1109/aspdac.2013.6509661,,10.1109/SBAC-PAD.2008.9,
10.1109/icsmc.2011.6084133,,10.1109/SBAC-PAD.2008.9,
10.1007/s00500-015-1653-1,,10.1109/SBAC-PAD.2008.9,
10.1109/SOCC.2008.4641530,,10.1007/11847083_8,
10.1109/SBAC-PAD.2007.14,,10.1145/344166.344610,
10.1109/SBAC-PAD.2007.14,,10.1109/tcad.2002.804107,
10.1109/SBAC-PAD.2007.14,,10.1007/bf03325101,
10.1109/SBAC-PAD.2007.14,,10.7551/mitpress/3927.001.0001,
10.1109/SBAC-PAD.2007.14,,10.1145/605459.605461,
10.1109/SBAC-PAD.2007.14,,10.1109/wwc.2001.990739,
10.1109/SBAC-PAD.2007.14,,10.1145/268806.268810,
10.1109/sbac-pad.2010.40,,10.1109/SBAC-PAD.2007.14,
10.1145/2660540.2660542,,10.1109/SBAC-PAD.2007.14,
10.1109/reconfig.2009.63,,10.1109/SBAC-PAD.2007.14,
10.1109/icsmc.2011.6084133,,10.1109/SBAC-PAD.2007.14,
10.1145/2800986.2801005,,10.1109/SBAC-PAD.2007.14,
10.1145/1601896.1601905,,10.1109/SBAC-PAD.2007.14,
10.1007/11847083_8,,10.1145/344166.344610,
10.1007/11847083_8,,10.1109/tcad.2002.804107,
10.1007/11847083_8,,10.1007/11523277_10,
10.1007/11847083_8,,10.1145/605459.605461,
10.1007/11847083_8,,10.1145/1077603.1077681,
10.1007/11847083_8,,10.1109/wwc.2001.990739,
10.1007/11847083_8,,10.1145/774789.774804,
10.1007/11847083_8,,10.1145/268806.268810,
10.1109/sbac-pad.2010.40,,10.1007/11847083_8,
10.1016/j.sysarc.2013.05.018,,10.1007/11847083_8,
10.1109/socc.2008.4641530,,10.1007/11847083_8,
10.1007/978-3-540-74442-9_49,,10.1007/11847083_8,
10.1109/aspdac.2013.6509661,,10.1007/11847083_8,
10.1109/icsmc.2011.6084133,,10.1007/11847083_8,
10.1007/978-3-642-12267-5_14,,10.1007/11847083_8,
10.1016/j.micpro.2011.01.005,,10.1007/11847083_8,
10.1109/idt.2013.6727118,,10.1007/11847083_8,
10.1109/SBAC-PAD.2006.30,,10.1109/tcad.2002.804107,
10.1109/SBAC-PAD.2006.30,,10.1109/date.2004.1268850,
10.1109/SBAC-PAD.2006.30,,10.1145/605459.605461,
10.1109/sbac-pad.2008.9,,10.1007/11523277_10,
10.1109/IPDPS.2005.72,arch,10.1023/a:1008198310125,
10.1109/IPDPS.2005.72,arch,10.1109/5.24143,
10.1109/IPDPS.2005.72,arch,10.1109/54.655185,
10.1109/IPDPS.2005.72,arch,10.1007/978-1-4615-3636-9,
10.1109/IPDPS.2005.72,arch,10.1109/date.1999.761102,
10.1109/IPDPS.2005.72,arch,10.1109/date.2003.1253642,
10.1109/IPDPS.2005.72,arch,10.1109/date.2003.1253622,
10.1109/IPDPS.2005.72,arch,10.1109/dac.1999.782016,
10.1109/access.2017.2757044,,10.1109/IPDPS.2005.72,arch
10.1016/j.sysarc.2013.08.016,,10.1109/IPDPS.2005.72,arch
10.4018/978-1-60960-086-0.ch006,,10.1109/IPDPS.2005.72,arch
10.1109/cctae.2010.5543241,,10.1109/IPDPS.2005.72,arch
10.1145/2611562,,10.1109/IPDPS.2005.72,arch
10.1109/ipdps.2006.1639450,,10.1109/IPDPS.2005.72,arch
10.1145/1016568.1016581,,10.1109/12.773794,
10.1016/j.sysarc.2012.01.001,,10.1145/1016568.1016581,
10.1109/rsp.2005.23,,10.1145/1016568.1016581,
10.1007/978-94-007-1125-9_6,,10.1145/1016568.1016581,
10.1016/j.isatra.2014.08.019,,10.1145/1016568.1016581,
10.1109/tii.2017.2702564,,10.1145/1016568.1016581,
10.1504/ijes.2010.039025,,10.1145/1016568.1016581,
10.3182/20060926-3-pl-4904.00025,,10.1145/1016568.1016581,
10.1109/isie.2007.4374979,,10.1145/1016568.1016581,
10.1109/iecon.2012.6389080,,10.1145/1016568.1016581,
10.1007/978-3-642-19170-1_27,,10.1145/1016568.1016581,
10.1109/access.2018.2836858,,10.1145/1016568.1016581,
10.1109/SBCCI.2003.1232813,,10.1109/5.663540,
10.1109/SBCCI.2003.1232813,,10.1109/tpami.1984.4767478,
10.3390/rs11070864,,10.1109/SBCCI.2003.1232813,
10.1109/ahs.2011.5963944,,10.1109/SBCCI.2003.1232813,
10.1109/issoc.2007.4427431,,10.1109/SBCCI.2003.1232813,
10.1109/ccgrid51090.2021.00023,,10.1109/SBCCI.2003.1232813,
10.1109/fpl.2012.6339141,,10.1109/SBCCI.2003.1232813,
10.1109/siu.2014.6830441,,10.1109/SBCCI.2003.1232813,
10.1109/fpl.2006.311268,,10.1109/SBCCI.2003.1232813,
10.1007/978-981-10-3223-3_18,,10.1109/SBCCI.2003.1232813,
10.1007/978-3-319-63309-1_61,,10.1109/SBCCI.2003.1232813,
10.1109/iceca49313.2020.9297494,,10.1109/SBCCI.2003.1232813,
10.1109/jstars.2018.2858008,,10.1109/SBCCI.2003.1232813,
10.1109/csss.2011.5974518,,10.1109/SBCCI.2003.1232813,
10.1109/fpt.2007.4439278,,10.1109/SBCCI.2003.1232813,
10.1109/iceeccot43722.2018.9001413,,10.1109/SBCCI.2003.1232813,
10.1109/icassp.2009.4959648,,10.1109/SBCCI.2003.1232813,
10.1109/fccm.2019.00061,,10.1109/SBCCI.2003.1232813,
10.1007/978-981-16-3767-4_20,,10.1109/SBCCI.2003.1232813,
10.1109/tmc.2011.23,,10.1109/SBCCI.2003.1232813,
10.1109/lgrs.2019.2907598,,10.1109/SBCCI.2003.1232813,
10.1007/s11554-007-0055-8,,10.1109/SBCCI.2003.1232813,
10.1109/tvlsi.2018.2808468,,10.1109/SBCCI.2003.1232813,
10.1109/tcyb.2021.3061094,,10.1109/SBCCI.2003.1232813,
10.1109/iscas.2008.4541983,,10.1109/SBCCI.2003.1232813,
10.1016/j.cogsys.2018.01.003,,10.1109/SBCCI.2003.1232813,
10.1109/tvlsi.2010.2049669,,10.1109/SBCCI.2003.1232813,
10.1109/tvlsi.2009.2017543,,10.1109/SBCCI.2003.1232813,
10.1088/1742-6596/1889/2/022103,,10.1109/SBCCI.2003.1232813,
10.1109/ICSMC.2003.1244547,,10.1007/978-1-4757-2649-7_8,
10.1109/ICSMC.2003.1244547,,10.1007/978-1-4757-2649-7_9,
10.1109/ICSMC.2003.1244547,,10.1007/978-1-4757-2649-7_10,
10.1109/ICSMC.2003.1244547,,10.1109/edac.1992.205881,
10.1109/ICSMC.2003.1244547,,10.1109/5.24143,
10.1109/ICSMC.2003.1244547,,10.1016/0026-2714(91)90007-t,
10.1109/ICSMC.2003.1244547,,10.1145/277044.277252,
10.1109/ICSMC.2003.1244547,,10.1145/157485.164926,
10.1109/ICSMC.2003.1244547,,10.1109/dac.1992.227850,
10.1109/icsmc.2004.1401321,,10.1109/ICSMC.2003.1244547,
10.1007/978-3-540-68083-3_26,,10.1109/ICSMC.2003.1244547,
